{
    "counter": {
        "ACTIVE": 2774,
        "INACTIVE": 3,
        "INVALID": 0,
        "MALICIOUS": 0,
        "SANE": 0,
        "VALID": 0,
        "total": 2777
    },
    "percentage": {
        "ACTIVE": 99.89196975153043,
        "INACTIVE": 0.11834319526627218,
        "INVALID": 0,
        "MALICIOUS": 0,
        "SANE": 0,
        "VALID": 0,
        "total": 100.0103129467967
    }
}