{
    "counter": {
        "ACTIVE": 2760,
        "INACTIVE": 2,
        "INVALID": 0,
        "MALICIOUS": 0,
        "SANE": 0,
        "VALID": 0,
        "total": 2762
    },
    "percentage": {
        "ACTIVE": 99.9275887038378,
        "INACTIVE": 0.08861320336730173,
        "INVALID": 0,
        "MALICIOUS": 0,
        "SANE": 0,
        "VALID": 0,
        "total": 100.0162019072051
    }
}