{
    "counter": {
        "ACTIVE": 2748,
        "INACTIVE": 7,
        "INVALID": 0,
        "MALICIOUS": 0,
        "SANE": 0,
        "VALID": 0,
        "total": 2755
    },
    "percentage": {
        "ACTIVE": 99.7459165154265,
        "INACTIVE": 0.30554343081623747,
        "INVALID": 0,
        "MALICIOUS": 0,
        "SANE": 0,
        "VALID": 0,
        "total": 100.05145994624274
    }
}