{
    "counter": {
        "ACTIVE": 2783,
        "INACTIVE": 1,
        "INVALID": 0,
        "MALICIOUS": 0,
        "SANE": 0,
        "VALID": 0,
        "total": 2784
    },
    "percentage": {
        "ACTIVE": 99.96408045977012,
        "INACTIVE": 0.07698229407236336,
        "INVALID": 0,
        "MALICIOUS": 0,
        "SANE": 0,
        "VALID": 0,
        "total": 100.04106275384248
    }
}