{
    "counter": {
        "ACTIVE": 2756,
        "INACTIVE": 5,
        "INVALID": 0,
        "MALICIOUS": 0,
        "SANE": 0,
        "VALID": 0,
        "total": 2761
    },
    "percentage": {
        "ACTIVE": 99.81890619340818,
        "INACTIVE": 0.20064205457463885,
        "INVALID": 0,
        "MALICIOUS": 0,
        "SANE": 0,
        "VALID": 0,
        "total": 100.01954824798283
    }
}