{
    "counter": {
        "ACTIVE": 280,
        "INACTIVE": 22,
        "INVALID": 0,
        "MALICIOUS": 0,
        "SANE": 0,
        "VALID": 0,
        "total": 302
    },
    "percentage": {
        "ACTIVE": 92.71523178807946,
        "INACTIVE": 9.401709401709402,
        "INVALID": 0,
        "MALICIOUS": 0,
        "SANE": 0,
        "VALID": 0,
        "total": 102.11694118978886
    }
}