{
    "counter": {
        "ACTIVE": 2764,
        "INACTIVE": 1,
        "INVALID": 0,
        "MALICIOUS": 0,
        "SANE": 0,
        "VALID": 0,
        "total": 2765
    },
    "percentage": {
        "ACTIVE": 99.9638336347197,
        "INACTIVE": 0.043898156277436345,
        "INVALID": 0,
        "MALICIOUS": 0,
        "SANE": 0,
        "VALID": 0,
        "total": 100.00773179099714
    }
}