{
    "counter": {
        "ACTIVE": 2780,
        "INACTIVE": 5,
        "INVALID": 0,
        "MALICIOUS": 0,
        "SANE": 0,
        "VALID": 0,
        "total": 2785
    },
    "percentage": {
        "ACTIVE": 99.82046678635548,
        "INACTIVE": 0.2041649652919559,
        "INVALID": 0,
        "MALICIOUS": 0,
        "SANE": 0,
        "VALID": 0,
        "total": 100.02463175164743
    }
}