{
    "counter": {
        "ACTIVE": 2734,
        "INACTIVE": 1,
        "INVALID": 0,
        "MALICIOUS": 0,
        "SANE": 0,
        "VALID": 0,
        "total": 2735
    },
    "percentage": {
        "ACTIVE": 99.96343692870201,
        "INACTIVE": 0.08340283569641367,
        "INVALID": 0,
        "MALICIOUS": 0,
        "SANE": 0,
        "VALID": 0,
        "total": 100.04683976439843
    }
}