{
    "counter": {
        "ACTIVE": 2765,
        "INACTIVE": 1,
        "INVALID": 0,
        "MALICIOUS": 0,
        "SANE": 0,
        "VALID": 0,
        "total": 2766
    },
    "percentage": {
        "ACTIVE": 99.96384671005062,
        "INACTIVE": 0.04420866489832007,
        "INVALID": 0,
        "MALICIOUS": 0,
        "SANE": 0,
        "VALID": 0,
        "total": 100.00805537494894
    }
}