{
    "counter": {
        "ACTIVE": 2776,
        "INACTIVE": 1,
        "INVALID": 0,
        "MALICIOUS": 0,
        "SANE": 0,
        "VALID": 0,
        "total": 2777
    },
    "percentage": {
        "ACTIVE": 99.9639899171768,
        "INACTIVE": 0.04351610095735422,
        "INVALID": 0,
        "MALICIOUS": 0,
        "SANE": 0,
        "VALID": 0,
        "total": 100.00750601813415
    }
}