{
    "counter": {
        "ACTIVE": 2760,
        "INACTIVE": 3,
        "INVALID": 0,
        "MALICIOUS": 0,
        "SANE": 0,
        "VALID": 0,
        "total": 2763
    },
    "percentage": {
        "ACTIVE": 99.8914223669924,
        "INACTIVE": 0.13250883392226148,
        "INVALID": 0,
        "MALICIOUS": 0,
        "SANE": 0,
        "VALID": 0,
        "total": 100.02393120091466
    }
}