{
    "counter": {
        "ACTIVE": 2740,
        "INACTIVE": 1,
        "INVALID": 0,
        "MALICIOUS": 0,
        "SANE": 0,
        "VALID": 0,
        "total": 2741
    },
    "percentage": {
        "ACTIVE": 99.96351696461146,
        "INACTIVE": 0.08340283569641367,
        "INVALID": 0,
        "MALICIOUS": 0,
        "SANE": 0,
        "VALID": 0,
        "total": 100.04691980030788
    }
}