{
    "counter": {
        "ACTIVE": 2816,
        "INACTIVE": 1,
        "INVALID": 0,
        "MALICIOUS": 0,
        "SANE": 0,
        "VALID": 0,
        "total": 2817
    },
    "percentage": {
        "ACTIVE": 99.96450124245652,
        "INACTIVE": 0.040048057669203045,
        "INVALID": 0,
        "MALICIOUS": 0,
        "SANE": 0,
        "VALID": 0,
        "total": 100.00454930012572
    }
}