{
    "counter": {
        "ACTIVE": 2043,
        "INACTIVE": 2,
        "INVALID": 0,
        "MALICIOUS": 0,
        "SANE": 0,
        "VALID": 0,
        "total": 2045
    },
    "percentage": {
        "ACTIVE": 99.90220048899755,
        "INACTIVE": 0.15420200462606015,
        "INVALID": 0,
        "MALICIOUS": 0,
        "SANE": 0,
        "VALID": 0,
        "total": 100.05640249362361
    }
}