{
    "counter": {
        "ACTIVE": 2743,
        "INACTIVE": 3,
        "INVALID": 0,
        "MALICIOUS": 0,
        "SANE": 0,
        "VALID": 0,
        "total": 2746
    },
    "percentage": {
        "ACTIVE": 99.89075018208302,
        "INACTIVE": 0.24077046548956663,
        "INVALID": 0,
        "MALICIOUS": 0,
        "SANE": 0,
        "VALID": 0,
        "total": 100.13152064757259
    }
}