{
    "counter": {
        "ACTIVE": 2755,
        "INACTIVE": 1,
        "INVALID": 0,
        "MALICIOUS": 0,
        "SANE": 0,
        "VALID": 0,
        "total": 2756
    },
    "percentage": {
        "ACTIVE": 99.96371552975326,
        "INACTIVE": 0.06978367062107467,
        "INVALID": 0,
        "MALICIOUS": 0,
        "SANE": 0,
        "VALID": 0,
        "total": 100.03349920037434
    }
}