{
    "counter": {
        "ACTIVE": 2775,
        "INACTIVE": 5,
        "INVALID": 0,
        "MALICIOUS": 0,
        "SANE": 0,
        "VALID": 0,
        "total": 2780
    },
    "percentage": {
        "ACTIVE": 99.82014388489209,
        "INACTIVE": 0.19692792437967704,
        "INVALID": 0,
        "MALICIOUS": 0,
        "SANE": 0,
        "VALID": 0,
        "total": 100.01707180927177
    }
}