{
    "counter": {
        "ACTIVE": 2750,
        "INACTIVE": 4,
        "INVALID": 0,
        "MALICIOUS": 0,
        "SANE": 0,
        "VALID": 0,
        "total": 2754
    },
    "percentage": {
        "ACTIVE": 99.85475671750181,
        "INACTIVE": 0.1586042823156225,
        "INVALID": 0,
        "MALICIOUS": 0,
        "SANE": 0,
        "VALID": 0,
        "total": 100.01336099981744
    }
}