{
    "counter": {
        "ACTIVE": 2732,
        "INACTIVE": 4,
        "INVALID": 0,
        "MALICIOUS": 0,
        "SANE": 0,
        "VALID": 0,
        "total": 2736
    },
    "percentage": {
        "ACTIVE": 99.85380116959064,
        "INACTIVE": 0.33167495854063017,
        "INVALID": 0,
        "MALICIOUS": 0,
        "SANE": 0,
        "VALID": 0,
        "total": 100.18547612813127
    }
}