{
    "counter": {
        "ACTIVE": 2771,
        "INACTIVE": 5,
        "INVALID": 0,
        "MALICIOUS": 0,
        "SANE": 0,
        "VALID": 0,
        "total": 2776
    },
    "percentage": {
        "ACTIVE": 99.81988472622479,
        "INACTIVE": 0.19849146486701072,
        "INVALID": 0,
        "MALICIOUS": 0,
        "SANE": 0,
        "VALID": 0,
        "total": 100.01837619109179
    }
}