{
    "counter": {
        "ACTIVE": 2766,
        "INACTIVE": 5,
        "INVALID": 0,
        "MALICIOUS": 0,
        "SANE": 0,
        "VALID": 0,
        "total": 2771
    },
    "percentage": {
        "ACTIVE": 99.81955972573078,
        "INACTIVE": 0.1849112426035503,
        "INVALID": 0,
        "MALICIOUS": 0,
        "SANE": 0,
        "VALID": 0,
        "total": 100.00447096833433
    }
}