{
    "counter": {
        "ACTIVE": 1213,
        "INACTIVE": 4,
        "INVALID": 0,
        "MALICIOUS": 0,
        "SANE": 0,
        "VALID": 0,
        "total": 1217
    },
    "percentage": {
        "ACTIVE": 99.67132292522597,
        "INACTIVE": 0.33167495854063017,
        "INVALID": 0,
        "MALICIOUS": 0,
        "SANE": 0,
        "VALID": 0,
        "total": 100.0029978837666
    }
}