{
    "counter": {
        "ACTIVE": 2774,
        "INACTIVE": 4,
        "INVALID": 0,
        "MALICIOUS": 0,
        "SANE": 0,
        "VALID": 0,
        "total": 2778
    },
    "percentage": {
        "ACTIVE": 99.85601151907848,
        "INACTIVE": 0.1596806387225549,
        "INVALID": 0,
        "MALICIOUS": 0,
        "SANE": 0,
        "VALID": 0,
        "total": 100.01569215780103
    }
}