{
    "counter": {
        "ACTIVE": 2760,
        "INACTIVE": 4,
        "INVALID": 0,
        "MALICIOUS": 0,
        "SANE": 0,
        "VALID": 0,
        "total": 2764
    },
    "percentage": {
        "ACTIVE": 99.85528219971056,
        "INACTIVE": 0.17785682525566918,
        "INVALID": 0,
        "MALICIOUS": 0,
        "SANE": 0,
        "VALID": 0,
        "total": 100.03313902496623
    }
}